"ID","First Name","Last Name","Car","City","Country"
"1","Herby","Kilian","Hummer","Cuba","Palmira"
"2","Gillie","Clayworth","Buick","Ecuador","Quevedo"
"3","Melisa","Greenan","Toyota","Ukraine","Kobyzhcha"
"4","Talbot","Larking","Toyota","Philippines","Cabittaogan"
"5","Freeland","April","Cadillac","Malaysia","Kuala Lumpur"
"6","Orelle","Colquyte","Infiniti","United States","Tallahassee"
"7","Corry","Manz","Infiniti","China","Rinbung"
"8","Maggee","Aslin","Mitsubishi","Malawi","Zomba"
"9","Candi","Pyzer","Ford","China","Fukou"
"10","Olwen","Brasener","Chevrolet","Georgia","Qvareli"
"11","Carolyne","Thornton-Dewhirst","Mitsubishi","Brazil","Jaguar√£o"
"13","John","Doe","Toyota","Dublin","Ireland"
